,PC1,PC2,labels,name
SRR14842336,1.2408427,-1.6503171,Canis_familiaris,SRR14842336
MS11102,-6.635151,-12.588771,Sediment,MS11102
SRR14842425,0.28482306,5.5370026,Canis_familiaris,SRR14842425
SRR2240729,13.07794,4.153459,Homo_sapiens,SRR2240729
SRR2241305,17.946304,2.3988674,Homo_sapiens,SRR2241305
SRR2175658,12.854796,5.1188025,Homo_sapiens,SRR2175658
SRR2175654,14.20387,8.232876,Homo_sapiens,SRR2175654
SRR1952521,15.380966,9.432631,Homo_sapiens,SRR1952521
SRR1952621,15.49452,8.081133,Homo_sapiens,SRR1952621
SRR24222623,-5.090147,-17.359583,Sediment,SRR24222623
SRR14842412,0.4295268,0.21117419,Canis_familiaris,SRR14842412
SRR14842388,-1.9734538,3.7626023,Canis_familiaris,SRR14842388
SRR25620753,-5.2154875,-20.206308,Sediment,SRR25620753
SRR25620795,-4.535017,-18.674784,Sediment,SRR25620795
SRR1952518,17.314766,4.8521523,Homo_sapiens,SRR1952518
SRR14842397,-4.5479,1.4677964,Canis_familiaris,SRR14842397
SRR14842393,-2.8983953,8.540972,Canis_familiaris,SRR14842393
SRR2240837,17.975668,8.647309,Homo_sapiens,SRR2240837
MS10903,-3.1990833,-15.805727,Sediment,MS10903
SRR2175756,20.389498,4.773718,Homo_sapiens,SRR2175756
SRR14842371,-0.3100185,5.897992,Canis_familiaris,SRR14842371
SRR14842338,-8.249263,0.73541415,Canis_familiaris,SRR14842338
SRR14842369,-7.2747836,4.073358,Canis_familiaris,SRR14842369
SRR14842330,-5.5643764,11.86662,Canis_familiaris,SRR14842330
SRR2175726,13.920315,3.9274054,Homo_sapiens,SRR2175726
SRR14842405,-5.7227325,10.802107,Canis_familiaris,SRR14842405
SRR14842321,-0.2338571,2.735135,Canis_familiaris,SRR14842321
SRR14842347,-2.6792853,-2.1148713,Canis_familiaris,SRR14842347
MS11108,-6.656519,-11.717772,Sediment,MS11108
SRR14842375,-2.9015954,2.9656353,Canis_familiaris,SRR14842375
SRR14842341,-1.9453037,-5.4283667,Canis_familiaris,SRR14842341
ERR12814467,-7.192341,-20.417187,Sediment,ERR12814467
MS11107,-6.6108646,-13.363752,Sediment,MS11107
SRR14842329,10.108424,5.114143,Canis_familiaris,SRR14842329
SRR14842408,0.43540123,6.7877274,Canis_familiaris,SRR14842408
SRR14842358,-4.1122365,12.231279,Canis_familiaris,SRR14842358
SRR14842354,2.7682524,6.1693263,Canis_familiaris,SRR14842354
SRR14842366,-3.8782117,-1.155013,Canis_familiaris,SRR14842366
SRR14842384,-5.9092336,4.515892,Canis_familiaris,SRR14842384
SRR2175670,16.226954,4.3417854,Homo_sapiens,SRR2175670
SRR2241109,14.195331,3.0498688,Homo_sapiens,SRR2241109
SRR24222627,-5.0630126,-14.467241,Sediment,SRR24222627
SRR14842362,-4.760299,5.7704797,Canis_familiaris,SRR14842362
SRR14842416,-0.36753693,-2.251463,Canis_familiaris,SRR14842416
SRR14842420,9.026693,4.7162447,Canis_familiaris,SRR14842420
SRR1952613,20.133085,5.1848936,Homo_sapiens,SRR1952613
MS10902,-3.6088827,-16.554035,Sediment,MS10902
SRR2175779,13.911823,6.4216285,Homo_sapiens,SRR2175779
SRR2175773,12.334744,1.3101119,Homo_sapiens,SRR2175773
SRR2175764,12.670451,6.9761944,Homo_sapiens,SRR2175764
SRR14842419,1.8470343,3.2629244,Canis_familiaris,SRR14842419
SRR2241505,17.488363,6.768682,Homo_sapiens,SRR2241505
SRR14842387,-3.7907915,6.20843,Canis_familiaris,SRR14842387
SRR1952617,16.937677,6.1641836,Homo_sapiens,SRR1952617
SRR14842417,-6.997926,0.59307504,Canis_familiaris,SRR14842417
SRR14842345,-2.633996,11.814519,Canis_familiaris,SRR14842345
SRR1952457,17.55552,8.191405,Homo_sapiens,SRR1952457
SRR14842411,-9.948282,-2.3382337,Canis_familiaris,SRR14842411
SRR14842327,-6.347026,-5.3913436,Canis_familiaris,SRR14842327
SRR1952058,13.831636,1.14166,Homo_sapiens,SRR1952058
SRR14842389,-4.643564,12.857211,Canis_familiaris,SRR14842389
SRR14842385,-5.8495426,-0.9201166,Canis_familiaris,SRR14842385
SRR2241409,13.122844,2.5811572,Homo_sapiens,SRR2241409
SRR1952522,19.436617,5.9068418,Homo_sapiens,SRR1952522
SRR2241306,14.645343,9.245812,Homo_sapiens,SRR2241306
SRR14842422,4.329562,3.7970648,Canis_familiaris,SRR14842422
SRR14842376,-0.3543761,2.8242576,Canis_familiaris,SRR14842376
SRR14842400,-4.80828,10.45901,Canis_familiaris,SRR14842400
SRR14842373,-3.746837,4.302414,Canis_familiaris,SRR14842373
SRR1952455,14.072921,3.9384103,Homo_sapiens,SRR1952455
SRR7774477,-3.2636964,-19.218046,Sediment,SRR7774477
SRR7774469,-4.176857,-13.882666,Sediment,SRR7774469
SRR14842374,-0.7100913,1.2551519,Canis_familiaris,SRR14842374
SRR1952459,16.18381,6.285791,Homo_sapiens,SRR1952459
ERR12074384,-5.073013,-13.318173,Sediment,ERR12074384
SRR7774471,-2.56402,-20.028658,Sediment,SRR7774471
SRR14842423,0.07244679,5.062631,Canis_familiaris,SRR14842423
SRR14842349,0.1194397,-0.59642506,Canis_familiaris,SRR14842349
SRR2241023,17.745432,1.2956667,Homo_sapiens,SRR2241023
SRR14842322,-9.936844,-2.3489404,Canis_familiaris,SRR14842322
SRR25620756,-5.7997837,-18.667013,Sediment,SRR25620756
ERR12814476,-8.290249,-20.270416,Sediment,ERR12814476
SRR14842323,-9.902002,-2.253434,Canis_familiaris,SRR14842323
SRR14842352,2.6406465,6.1402607,Canis_familiaris,SRR14842352
ERR12814471,-7.062732,-20.207163,Sediment,ERR12814471
SRR14842396,-0.30942377,-2.1976128,Canis_familiaris,SRR14842396
SRR2240921,16.633175,6.867965,Homo_sapiens,SRR2240921
SRR2175755,15.584663,5.982184,Homo_sapiens,SRR2175755
SRR14842402,-5.8793154,6.8335223,Canis_familiaris,SRR14842402
SRR14842370,-3.6303995,1.5691625,Canis_familiaris,SRR14842370
SRR2240287,17.92063,3.1950188,Homo_sapiens,SRR2240287
SRR14842334,-7.008086,0.5165932,Canis_familiaris,SRR14842334
SRR14842361,-3.572131,10.915216,Canis_familiaris,SRR14842361
SRR7774474,-3.1440012,-19.450266,Sediment,SRR7774474
SRR14842379,1.773673,0.36545283,Canis_familiaris,SRR14842379
SRR25620676,-5.6436157,-19.356174,Sediment,SRR25620676
SRR14842320,-3.6694663,9.012912,Canis_familiaris,SRR14842320
SRR2175724,12.1699,1.2308534,Homo_sapiens,SRR2175724
SRR2175804,17.684042,10.0968685,Homo_sapiens,SRR2175804
SRR14842415,-5.083713,-7.1397552,Canis_familiaris,SRR14842415
ERR1560093,-7.0945373,-15.310857,Sediment,ERR1560093
SRR2175725,18.087175,10.867851,Homo_sapiens,SRR2175725
SRR2175723,15.23027,2.9438689,Homo_sapiens,SRR2175723
SRR14842368,-4.041754,10.842891,Canis_familiaris,SRR14842368
SRR2175780,18.169395,11.1143,Homo_sapiens,SRR2175780
SRR14842325,-1.0558271,-3.1997514,Canis_familiaris,SRR14842325
SRR14842339,-5.4458523,-2.5341272,Canis_familiaris,SRR14842339
SRR1952562,16.131643,4.742827,Homo_sapiens,SRR1952562
SRR14842383,-3.0775628,7.5281916,Canis_familiaris,SRR14842383
SRR14842380,-7.4818826,6.7060184,Canis_familiaris,SRR14842380
SRR14842381,-7.7318645,3.2257485,Canis_familiaris,SRR14842381
SRR2175767,17.481348,1.5352777,Homo_sapiens,SRR2175767
SRR14842372,-2.9148483,4.988198,Canis_familiaris,SRR14842372
SRR24222629,-5.3648095,-16.870821,Sediment,SRR24222629
SRR2175774,16.920002,7.16487,Homo_sapiens,SRR2175774
SRR14842365,-4.63799,6.768648,Canis_familiaris,SRR14842365
SRR14842348,-3.9586985,-1.4674027,Canis_familiaris,SRR14842348
SRR14842392,-1.1631929,2.8215764,Canis_familiaris,SRR14842392
SRR14842337,-0.3294253,7.1990485,Canis_familiaris,SRR14842337
ERR12814474,-7.8294635,-20.909014,Sediment,ERR12814474
MS10790,-2.7829025,-17.238552,Sediment,MS10790
SRR7774470,-7.6608324,-16.759693,Sediment,SRR7774470
SRR2240290,15.11409,4.4160485,Homo_sapiens,SRR2240290
SRR14842398,-6.2898355,2.531412,Canis_familiaris,SRR14842398
SRR14842390,-4.8224792,11.79397,Canis_familiaris,SRR14842390
SRR14842404,-2.3153455,9.178421,Canis_familiaris,SRR14842404
ERR1560095,-6.4723144,-15.614552,Sediment,ERR1560095
SRR14842353,1.0778368,5.5909657,Canis_familiaris,SRR14842353
SRR1944873,14.782407,5.712673,Homo_sapiens,SRR1944873
SRR2175776,14.0337925,7.7642045,Homo_sapiens,SRR2175776
ERR12074385,-6.1468067,-16.893215,Sediment,ERR12074385
SRR24222626,-5.2837043,-14.95149,Sediment,SRR24222626
SRR14842367,-1.3841641,11.483802,Canis_familiaris,SRR14842367
SRR2240728,18.835516,8.6419325,Homo_sapiens,SRR2240728
SRR14842403,-5.527037,3.679256,Canis_familiaris,SRR14842403
SRR2175647,14.971934,0.6234902,Homo_sapiens,SRR2175647
SRR1952575,15.253829,7.5016723,Homo_sapiens,SRR1952575
SRR14842399,-4.723297,1.9831896,Canis_familiaris,SRR14842399
SRR1952620,17.081745,9.817063,Homo_sapiens,SRR1952620
SRR14842395,-7.595428,4.21178,Canis_familiaris,SRR14842395
SRR7774472,-8.552114,-9.555625,Sediment,SRR7774472
SRR1952618,16.883234,9.180359,Homo_sapiens,SRR1952618
SRR14842344,-5.1985726,-0.37038958,Canis_familiaris,SRR14842344
SRR7774476,-2.6007218,-18.982168,Sediment,SRR7774476
SRR14842331,-4.308023,7.231068,Canis_familiaris,SRR14842331
SRR1952531,19.270828,5.8506384,Homo_sapiens,SRR1952531
SRR2175727,13.921739,9.503774,Homo_sapiens,SRR2175727
SRR14842332,7.9241433,4.05495,Canis_familiaris,SRR14842332
SRR14842418,1.8278886,0.7072577,Canis_familiaris,SRR14842418
SRR1952501,14.1013565,4.873458,Homo_sapiens,SRR1952501
SRR25620786,-5.17763,-18.122614,Sediment,SRR25620786
SRR14842426,0.089645326,-2.8078647,Canis_familiaris,SRR14842426
SRR2175792,19.29921,5.043544,Homo_sapiens,SRR2175792
SRR14842357,-3.9964626,9.778854,Canis_familiaris,SRR14842357
SRR14842355,-4.2911806,13.73898,Canis_familiaris,SRR14842355
SRR14842340,-5.4034524,-2.3865283,Canis_familiaris,SRR14842340
SRR14842333,7.1934233,2.9204917,Canis_familiaris,SRR14842333
SRR14842407,-3.692639,-3.9445865,Canis_familiaris,SRR14842407
SRR25620681,-5.1086984,-19.918667,Sediment,SRR25620681
SRR14842351,-0.7688066,6.3182163,Canis_familiaris,SRR14842351
SRR14842356,10.011098,4.448544,Canis_familiaris,SRR14842356
SRR14842386,-4.91062,7.973065,Canis_familiaris,SRR14842386
SRR14842421,9.553746,4.6660976,Canis_familiaris,SRR14842421
SRR14842394,-3.091784,4.501407,Canis_familiaris,SRR14842394
SRR14842391,-5.443072,9.048293,Canis_familiaris,SRR14842391
SRR14842377,-5.21318,8.621604,Canis_familiaris,SRR14842377
SRR14842326,-6.347029,-5.421063,Canis_familiaris,SRR14842326
SRR14842378,-4.3666544,11.433028,Canis_familiaris,SRR14842378
SRR2175649,15.76901,1.7742617,Homo_sapiens,SRR2175649
SRR25620790,-4.496864,-18.691477,Sediment,SRR25620790
MS11103,-6.281732,-12.504057,Sediment,MS11103
SRR7774473,-8.538587,-9.529188,Sediment,SRR7774473
SRR2175768,13.210154,1.5741167,Homo_sapiens,SRR2175768
MS10904,-3.3741918,-16.94443,Sediment,MS10904
SRR24222625,-5.4614944,-16.108704,Sediment,SRR24222625
SRR14842350,-0.08202982,-0.84970695,Canis_familiaris,SRR14842350
ERR12074386,-5.0816655,-13.265697,Sediment,ERR12074386
SRR14842409,1.160103,6.9194207,Canis_familiaris,SRR14842409
SRR1952418,13.917194,5.7414007,Homo_sapiens,SRR1952418
SRR1952344,18.086355,9.408869,Homo_sapiens,SRR1952344
SRR14842359,-4.437185,8.419187,Canis_familiaris,SRR14842359
SRR14842406,0.35978115,6.4459906,Canis_familiaris,SRR14842406
SRR14842324,-8.378106,6.43117,Canis_familiaris,SRR14842324
SRR2175777,17.234058,2.499394,Homo_sapiens,SRR2175777
SRR14842335,0.7957875,-2.2045038,Canis_familiaris,SRR14842335
ERR1560094,-6.2705564,-15.948713,Sediment,ERR1560094
SRR14842410,0.9266882,7.8298316,Canis_familiaris,SRR14842410
SRR14842363,-2.7294512,-6.2706404,Canis_familiaris,SRR14842363
SRR14842401,-4.4795785,9.900626,Canis_familiaris,SRR14842401
SRR14842364,-2.0463135,8.844692,Canis_familiaris,SRR14842364
SRR14842382,-3.4548173,6.7629614,Canis_familiaris,SRR14842382
SRR14842328,-5.650707,-2.7176888,Canis_familiaris,SRR14842328
SRR14842346,-5.683284,-3.1631694,Canis_familiaris,SRR14842346
ERR12814470,-6.4488454,-21.119547,Sediment,ERR12814470
SRR14842343,1.0890361,1.9991801,Canis_familiaris,SRR14842343
SRR14842414,-5.9366045,11.445411,Canis_familiaris,SRR14842414
SRR14842342,-1.1288114,-2.0490122,Canis_familiaris,SRR14842342
MS11676,-2.22004,-9.864936,known,MS11676
MS11677,-2.0789957,-8.095096,known,MS11677
MS11770,-3.2933419,-10.522025,known,MS11770
MS11674,-2.3101795,-10.594557,known,MS11674
MS11678,-2.676106,-9.148733,known,MS11678
MS11675,-0.8431733,-8.585453,known,MS11675
MS11679,-4.2338047,-8.191673,known,MS11679
MS11683,-4.184333,-8.154229,known,MS11683
MS11775,-1.0393795,-7.5542107,known,MS11775
MS11684,-3.6502447,-9.886449,known,MS11684
MS11771,-4.333596,-10.162553,known,MS11771
MS11673,-3.00508,-12.082786,known,MS11673
MS11686,-2.6840737,-7.8592734,known,MS11686
MS11670,-1.0713371,-9.927479,known,MS11670
MS11669,-2.4035218,-11.970173,known,MS11669
MS11774,-2.1773584,-8.535947,known,MS11774
